service,attending
CARDIOTHORACIC,Bonilla
SURGERY,Andrew
SURGERY,Savannah
MEDICINE,Becky
Pulmonary unit,Cameron
SURGERY,Nicole
MEDICINE,Johnson
MEDICINE,Christopher
SURGERY,Dustin
MEDICINE,Gregory
MED,Jared
MEDICINE,Chad
SURGERY,Ashley
MEDICINE,Crystal
MEDICINE,Zachary
MEDICINE,Victoria
SURGERY,Deborah
MEDICINE,Larson
MEDICINE,Erica
NEUROLOGY,William
MEDICINE,Sarah
MEDICINE,Joshua
SURGERY,Alexis
MEDICINE,Roberto
MEDICINE,Heather
MEDICINE,Paul
SURGERY,Jose
MEDICINE,Joy
MEDICINE,Monica
MEDICINE,Melissa
MEDICINE,Cervantes
MEDICINE,Angela
MEDICINE,Christina
NEUROSURGERY,Sarah
SURGERY,Sean
NEUROSURGERY,Mary
MEDICINE,Megan
MEDICINE,Selena
MEDICINE,Curtis
MEDICINE,Pham
MEDICINE,Jessica
NEUROSURGERY,John
SURGERY,Stephen
SURGERY,Jared
MEDICINE,Lisa
MEDICINE,Robert
MEDICINE,Suzanne
UROLOGY,Emily
CARDIOTHORACIC,David
SURGERY,Simmons
MEDICINE,Kelsey
NEUROLOGY,Amy
SURGERY,Sarah
MEDICINE,Thomas
MEDICINE,Jack
PLASTIC,Joshua
SURGERY,James
SURGERY,Christopher
MEDICINE,Kelli
MEDICINE,Deborah
MEDICINE,Sarah
MEDICINE,Samantha
MEDICINE,Erica
Ginecology unit,Charles
CARDIOTHORACIC,Gary
MEDICINE,Sara
SURGERY,Reid
MEDICINE,Michelle
NEUROSURGERY,Kathy
SURGERY,Raymond
MEDICINE,Marc
ORTHOPAEDICS,Stephanie
MEDICINE,Matthew
MEDICINE,Alexandria
CARDIOTHORACIC,Shaun
NEUROSURGERY,William
EMERGENCY,Anna
MEDICINE,Brian
NEUROSURGERY,Robert
SURGERY,Timothy
MEDICINE,Melissa
SURGERY,Joseph
NEUROLOGY,Michelle
SURGERY,Brian
MEDICINE,Barbara
CARDIOTHORACIC,Anna
MEDICINE,Monica
SURGERY,Courtney
CARDIOTHORACIC,Malik
MEDICINE,Jessica
MEDICINE,Tammy
ORTHOPAEDICS,Victor
MEDICINE,Courtney
CARDIOTHORACIC,Jennifer
MEDICINE,Catherine
NEUROSURGERY,Jennifer
MEDICINE,Baird
MEDICINE,Kristen
SURGERY,Janice
MEDICINE,Jennifer
CARDIOTHORACIC,Burton
CARDIOTHORACIC,Juan
MEDICINE,Melissa
MEDICINE,Monica
MEDICINE,Brian
ORTHOPAEDICS,Andrea
MEDICINE,Rebecca
UROLOGY,Nicole
MEDICINE,Dominic
MEDICINE,Donald
SURGERY,David
MEDICINE,Ryan
MEDICINE,Julia
MEDICINE,Daniel
MEDICINE,Lisa
MED,Mariah
MEDICINE,Adam
MEDICINE,John
SURGERY,Amy
MEDICINE,Anthony
MEDICINE,Kevin
ORTHOPAEDICS,Jacob
ORTHOPAEDICS,Jennifer
MEDICINE,Victoria
MEDICINE,Ethan
SURGERY,Smith
UROLOGY,Rachel
SURGERY,Robert
MEDICINE,Brandon
MEDICINE,Margaret
MEDICINE,Paul
MEDICINE,Amber
MED,Justin
MEDICINE,Matthew
NEUROLOGY,Darren
MEDICINE,Kristina
MEDICINE,Jonathan
CARDIOTHORACIC,Vickie
MEDICINE,Kelly
MEDICINE,Jessica
NEUROLOGY,Richard
MEDICINE,Henry
MEDICINE,Mary
MEDICINE,Shane
MEDICINE,Ryan
MEDICINE,Darren
CARDIOTHORACIC,Heather
MEDICINE,Mark
MEDICINE,Eileen
MEDICINE,Jeffrey
MEDICINE,Karl
CARDIOTHORACIC,Lance
MEDICINE,Karen
MEDICINE,Alexander
MEDICINE,Erin
MEDICINE,Douglas
MEDICINE,Patricia
SURGERY,Mary
MEDICINE,Russell
MEDICINE,Ryan
SURGERY,Willie
SURGERY,Eric
SURGERY,Judith
MEDICINE,Desiree
MEDICINE,James
SURGERY,Gregory
SURGERY,Todd
SURGERY,John
NEUROLOGY,Scott
MEDICINE,Troy
CARDIOTHORACIC,Carlos
NEUROLOGY,April
CARDIOTHORACIC,Robert
MEDICINE,Sara
MEDICINE,John
MEDICINE,Anna
SURGERY,Amanda
MEDICINE,Tasha
MEDICINE,Randy
MEDICINE,Katherine
MEDICINE,Benjamin
SURGERY,Rhonda
CARDIOTHORACIC,Rebecca
MEDICINE,Sarah
MEDICINE,James
CARDIOTHORACIC,Stacie
SURGERY,Carlos
CARDIOTHORACIC,Shannon
CARDIOTHORACIC,Pamela
MEDICINE,Margaret
MEDICINE,Gary
SURGERY,Timothy
MEDICINE,Jeremy
MEDICINE,James
MEDICINE,Lee
ORTHOPAEDICS,Toni
MEDICINE,Scott
MEDICINE,Lori
MEDICINE,Matthew
SURGERY,Nicholas
CARDIOTHORACIC,Brooke
MEDICINE,Marshall
MEDICINE,Todd
MEDICINE,Jeffrey
MEDICINE,Rebecca
NEUROSURGERY,Abigail
MEDICINE,Jennifer
MEDICINE,Austin
MEDICINE,Sarah
MEDICINE,Angela
MEDICINE,Katelyn
SURGERY,Leslie
MEDICINE,Jamie
MEDICINE,Sean
CARDIOTHORACIC,Robert
MEDICINE,Kaufman
MEDICINE,Christopher
NEUROLOGY,Debra
MEDICINE,Dennis
SURGERY,Timothy
MED,Lewis
MEDICINE,Elizabeth
MEDICINE,Wilson
SURGERY,Maria
SURGERY,Matthew
SURGERY,Kevin
CARDIOTHORACIC,Bryce
MEDICINE,Taylor
MEDICINE,Jesse
SURGERY,Melissa
MEDICINE,Lauren
MEDICINE,Kimberly
SURGERY,Johnathan
CARDIOTHORACIC,Mary
SURGERY,Daniel
NEUROLOGY,Joseph
SURGERY,Mary
SURGERY,Nixon
SURGERY,Williams
MEDICINE,Gregory
MEDICINE,Montgomery
MED,Rachel
SURGERY,Gloria
NEUROSURGERY,Christopher
MEDICINE,Robert
MEDICINE,Lisa
MEDICINE,Mary
VSURG,Jeffrey
MEDICINE,Dixon
MEDICINE,Jeffery
SURGERY,Jeffrey
MEDICINE,Molly
SURGERY,Margaret
SURGERY,Lindsey
MEDICINE,Tiffany
MEDICINE,Gregory
ORTHOPAEDICS,James
NEUROSURGERY,Samantha
MEDICINE,Charles
MEDICINE,Dean
MEDICINE,Christopher
MEDICINE,Joel
MEDICINE,David
SURGERY,Kaitlyn
MEDICINE,Craig
MEDICINE,Tracy
SURGERY,Max
NMED,Alexander
MEDICINE,Gail
SURGERY,Cassandra
MEDICINE,Joseph
MEDICINE,Alexander
MEDICINE,Kevin
MEDICINE,Alexandra
MEDICINE,Brown
OBSTETRICS/GYNECOLOGY,Angela
MEDICINE,Robert
MEDICINE,Erika
MEDICINE,Laura
SURGERY,Brandon
MEDICINE,Taylor
MEDICINE,Jessica
MEDICINE,Michele
MEDICINE,Michelle
NEUROSURGERY,Stephen
NEUROSURGERY,Edward
NEUROSURGERY,Katrina
MEDICINE,Larry
MEDICINE,Douglas
NEUROSURGERY,Christine
MEDICINE,Todd
SURGERY,Jonathan
MEDICINE,Kimberly
MEDICINE,Riggs
MEDICINE,Ann
MEDICINE,Zachary
MEDICINE,Kristin
MEDICINE,Nicholas
name Elliott,Christopher
MEDICINE,Michael
SURGERY,Marissa
MEDICINE,Andrea
MEDICINE,Brooke
SURGERY,Kristen
SURGERY,Gabriel
MEDICINE,Christine
MED,Alex
MEDICINE,Catherine
MEDICINE,Paul
MEDICINE,Stephanie
MEDICINE,Eduardo
MEDICINE,Bradford
SURGERY,Marie
NEUROSURGERY,Pedro
MEDICINE,Michaela
SURGERY,Brandon
MEDICINE,Donald
CARDIOTHORACIC,Jennifer
SURGERY,Robert
MED,Monica
SURGERY,Lori
SURGERY,Brenda
MEDICINE,Theresa
MEDICINE,Jody
MEDICINE,Megan
MEDICINE,Christina
MEDICINE,Graves
ORTHOPAEDICS,Franklin
MEDICINE,Jeffrey
MEDICINE,Jessica
MEDICINE,Jane
MEDICINE,Aimee
SURGERY,Jennifer
MEDICINE,Trevor
MEDICINE,Amy
MEDICINE,Tammy
RADIOLOGY,Jennifer
MEDICINE,Patricia
MEDICINE,Keith
CARDIOTHORACIC,Denise
MEDICINE,Barry
MEDICINE,Michele
MEDICINE,Matthew
MEDICINE,James
MEDICINE,David
SURGERY,Benjamin
name Hebert,Victor
SURGERY,Monica
SURGERY,Shelby
SURGERY,Maria
SURGERY,Linda
SURGERY,Charlotte
Cardiology unit,Melody
MEDICINE,David
MEDICINE,Antonio
MEDICINE,James
SURGERY,Logan
MEDICINE,Beth
SURGERY,Robin
MEDICINE,David
MEDICINE,Kimberly
MEDICINE,Andrew
MEDICINE,Tricia
MEDICINE,Joseph
SURGERY,Karen
MEDICINE,Cindy
OBSTETRICS/GYNECOLOGY,Ryan
CARDIOTHORACIC,Erin
PSURG,Melvin
MEDICINE,Erica
MEDICINE,Kevin
MEDICINE,John
MEDICINE,Margaret
MEDICINE,Nicole
MEDICINE,Samuel
MEDICINE,Brittany
SURGERY,Roy
SURGERY,Thomas
MEDICINE,Bethany
MEDICINE,Natalie
MEDICINE,Colleen
UROLOGY,Charles
MEDICINE,Stewart
SURGERY,Sydney
MEDICINE,Robert
MEDICINE,William
SURGERY,Jacob
SURGERY,Christian
ORTHOPAEDICS,Peter
SURGERY,Hogan
MEDICINE,Christopher
MEDICINE,Janice
MEDICINE,Jean
MEDICINE,Jacqueline
SURGERY,Sergio
NEUROSURGERY,April
SURGERY,Judy
CARDIOTHORACIC,Shannon
SURGERY,Samantha
MEDICINE,Roger
MEDICINE,Daniel
MEDICINE,Hayes
Psychiatry unit,Leslie
CARDIOTHORACIC,Matthew
SURGERY,David
SURGERY,Jordan
SURGERY,Briana
MEDICINE,John
MEDICINE,Curtis
MEDICINE,Daniel
MEDICINE,Dennis
CARDIOTHORACIC,Gregory
MEDICINE,Lisa
SURGERY,Alexis
NEUROSURGERY,Rick
MEDICINE,Heather
NEUROLOGY,Frank
NEUROSURGERY,Timothy
CARDIOTHORACIC,Robert
MEDICINE,Lucas
MEDICINE,Tyler
MEDICINE,Miguel
MEDICINE,Harold
OBSTETRICS/GYNECOLOGY,Samuel
SURGERY,James
MEDICINE,Scott
MEDICINE,Jennifer
SURGERY,Raymond
SURGERY,Sara
MEDICINE,Jennifer
MEDICINE,Mike
MEDICINE,Robert
CARDIOTHORACIC,Jeffrey
MEDICINE,Patricia
MEDICINE,Johnson
MEDICINE,Vanessa
MEDICINE,Barbara
NEUROSURGERY,Jeremy
MEDICINE,Mark
MEDICINE,Craig
CARDIOTHORACIC,Brian
SURGERY,James
MEDICINE,Brian
MEDICINE,Jennifer
SURGERY,Anne
EMERGENCY,John
MEDICINE,Renee
SURGERY,Kyle
MEDICINE,Jennifer
SURGERY,Tracy
SURGERY,Mary
SURGERY,Miller
MEDICINE,Susan
MEDICINE,Laura
MEDICINE,Sandra
SURGERY,Philip
MEDICINE,Melissa
SURGERY,Emily
SURGERY,Kara
MEDICINE,Jackie
OBSTETRICS/GYNECOLOGY,Rachel
MEDICINE,Rodriguez
MEDICINE,Mary
MEDICINE,Eric
MEDICINE,Morgan
MEDICINE,Jennifer
MEDICINE,Jon
MEDICINE,Jennifer
MEDICINE,Megan
MED,Brittany
MEDICINE,Kimberly
MEDICINE,David
SURGERY,Juan
MEDICINE,Courtney
SURGERY,Ryan
MEDICINE,Dillon
MEDICINE,Davis
MEDICINE,Nicholas
MEDICINE,Katelyn
NEUROSURGERY,Roberto
MEDICINE,Katie
MED,Wanda
SURGERY,Chen
MEDICINE,Jason
SURGERY,Rebecca
MEDICINE,Leon
NEUROSURGERY,Daniel
ORTHOPAEDICS,Matthew
PODIATRY,Alan
MEDICINE,Taylor
MEDICINE,Christina
MEDICINE,David
MEDICINE,Michael
MEDICINE,Nancy
MEDICINE,Matthew
CARDIOTHORACIC,Deanna
MEDICINE,Danielle
MEDICINE,Lisa
SURGERY,Molly
MEDICINE,Karla
MEDICINE,Laura
CARDIOTHORACIC,Kendra
MEDICINE,Amy
MEDICINE,Michael
SURGERY,Gabrielle
SURGERY,Dana
SURGERY,Teresa
NEUROLOGY,Keith
MEDICINE,Christopher
ORTHOPAEDICS,Bryan
SURGERY,Erika
SURGERY,David
MEDICINE,Michael
MEDICINE,James
MED,Keith
MEDICINE,Dawn
ORTHOPAEDICS,Brianna
NEUROLOGY,Crystal
NEUROLOGY,Michele
MEDICINE,Emily
MEDICINE,Rodney
MEDICINE,Wayne
SURGERY,Jessica
MEDICINE,Mark
MEDICINE,Cook
NEUROSURGERY,Angel
MEDICINE,Conrad
SURGERY,Sonia
MEDICINE,Douglas
SURGERY,Tyrone
SURGERY,Eric
SURGERY,Kelly
SURGERY,Alice
MEDICINE,Michael
MEDICINE,Julie
MEDICINE,Jeffrey
SURGERY,Allison
SURGERY,Kyle
MEDICINE,Mary
SURGERY,Joseph
SURGERY,David
MEDICINE,Brandon
CARDIOTHORACIC,Christopher
MEDICINE,Robert
MEDICINE,Bradley
MEDICINE,Smith
MEDICINE,James
CARDIOTHORACIC,Kelly
MEDICINE,Dana
MEDICINE,Adam
MEDICINE,Murray
MEDICINE,Wesley
MEDICINE,Shaw
SURGERY,Derek
MEDICINE,Moore
NEUROSURGERY,Shelby
MEDICINE,Chris
ORTHOPAEDICS,Jessica
ORTHOPAEDICS,Candice
CARDIOTHORACIC,Benjamin
MEDICINE,Kathy
CARDIOTHORACIC,Craig
MED,Sally
MEDICINE,Miranda
MEDICINE,Christina
MEDICINE,Steven
SURGERY,Edward
MEDICINE,Lisa
MEDICINE,Denise
MEDICINE,Jeffrey
MEDICINE,Kathy
MEDICINE,Rachel
MEDICINE,Marie
name Payne,Sarah
SURGERY,Krista
MEDICINE,Christopher
MEDICINE,Roberto
MEDICINE,Matthew
MEDICINE,Chelsea
MEDICINE,Brianna
CARDIOTHORACIC,Figueroa
MEDICINE,Patricia
MEDICINE,Kara
CARDIOTHORACIC,Amanda
MEDICINE,Laura
MEDICINE,Tiffany
name Mccarty,Fernando
CARDIOTHORACIC,Theresa
SURGERY,Mary
MEDICINE,Olivia
MEDICINE,Gregory
ORTHOPAEDICS,Leroy
NEUROLOGY,Sandra
CARDIOTHORACIC,Nicholas
SURGERY,Todd
MEDICINE,Timothy
SURGERY,Shannon
MEDICINE,Tara
MEDICINE,April
MED,Amanda
MEDICINE,Jacob
MEDICINE,Vincent
MEDICINE,Jeffrey
MEDICINE,Jonathan
MEDICINE,Richard
MEDICINE,Amanda
CARDIOTHORACIC,Martha
MEDICINE,Dustin
MEDICINE,Julia
CARDIOTHORACIC,Daniel
MED,Steve
SURGERY,Lisa
NEUROLOGY,Edwards
MEDICINE,Beth
MEDICINE,Shawn
SURGERY,Aaron
SURGERY,Charlene
CARDIOTHORACIC,Dale
MEDICINE,Cody
MEDICINE,Tricia
MEDICINE,Michael
MEDICINE,Brittany
MEDICINE,Jodi
MEDICINE,Heather
MEDICINE,Kimberly
MEDICINE,Jason
MEDICINE,James
MEDICINE,Kyle
SURGERY,Jessica
SURGERY,Amy
MEDICINE,Nicole
MEDICINE,Clark
MEDICINE,Susan
MEDICINE,Wanda
name Ford,William
MEDICINE,Jesse
MEDICINE,Judith
MEDICINE,Jason
SURGERY,Susan
NEUROSURGERY,Amber
SURGERY,Megan
MEDICINE,Ronald
MEDICINE,Marsh
MEDICINE,Patricia
EMERGENCY,Timothy
SURGERY,Ryan
SURGERY,Jeffrey
NEUROLOGY,Sheryl
MEDICINE,Veronica
MEDICINE,Cheryl
CARDIOTHORACIC,Lindsay
SURGERY,Julie
MEDICINE,Richard
SURGERY,Karen
SURGERY,Joshua
MEDICINE,Gwendolyn
MEDICINE,Cooper
UROLOGY,Ellen
MEDICINE,Kenneth
MEDICINE,Sandra
MEDICINE,Kathleen
MEDICINE,Hamilton
SURGERY,Williams
CARDIOTHORACIC,Emma
MEDICINE,Steven
SURGERY,Michele
ORTHOPAEDICS,Linda
MEDICINE,Franco
SURGERY,Smith
MEDICINE,Vickie
NEUROLOGY,Miranda
MEDICINE,Whitney
SURGERY,Juan
SURGERY,Kathleen
CARDIOTHORACIC,Michael
NEUROSURGERY,Valerie
NEUROSURGERY,Matthew
MEDICINE,Kimberly
MEDICINE,Jack
SURGERY,Jennifer
MEDICINE,Anthony
SURGERY,Diana
MEDICINE,Williams
NEUROSURGERY,Steven
MEDICINE,Lindsey
MEDICINE,Jeremy
ORTHOPAEDICS,Linda
NEUROSURGERY,Leslie
MEDICINE,Kyle
MEDICINE,Eric
SURGERY,Stacey
SURGERY,Amy
CARDIOTHORACIC,Hernandez
MEDICINE,Christopher
TSURG,Jennifer
CSURG,Melanie
NEUROLOGY,Lisa
NEUROLOGY,Michelle
MEDICINE,Theodore
SURGERY,Nicole
MEDICINE,Michael
OBSTETRICS/GYNECOLOGY,Norris
SURGERY,Morgan
NEUROSURGERY,Rachel
MEDICINE,Margaret
SURGERY,James
MEDICINE,Darren
MEDICINE,Larry
MEDICINE,Wendy
MEDICINE,Megan
MEDICINE,Samantha
NEUROLOGY,Steven
SURGERY,Gonzalez
SURGERY,Paige
ORTHOPAEDICS,Kevin
SURGERY,Heather
MEDICINE,Phillips
CARDIOTHORACIC,Arthur
PLASTIC,Ariel
SURGERY,Kelly
SURGERY,Edgar
Ginecology unit,Lucas
MEDICINE,Laura
MEDICINE,Shawn
MEDICINE,Dana
MEDICINE,Jessica
SURGERY,Kathy
MEDICINE,Walter
MEDICINE,Craig
PLASTIC,Michael
SURGERY,David
MEDICINE,Alyssa
SURGERY,Tammy
MEDICINE,Landry
NEUROLOGY,Allison
MEDICINE,Ruth
MEDICINE,Nicholas
SURGERY,April
MEDICINE,Sarah
MEDICINE,Desiree
CARDIOTHORACIC,Rebekah
MEDICINE,Lisa
CARDIOTHORACIC,Douglas
MEDICINE,Jeffrey
MEDICINE,Benjamin
NEUROLOGY,Kyle
MEDICINE,Matthew
NEUROLOGY,Donald
ORTHOPAEDICS,Emily
MEDICINE,Kent
MED,Ryan
SURGERY,Rebecca
MEDICINE,White
name Galloway,Kevin
ORTHOPAEDICS,Michael
CARDIOTHORACIC,Ryan
NEUROSURGERY,Melanie
MEDICINE,Anthony
MEDICINE,Adriana
CARDIOTHORACIC,Ryan
MEDICINE,Murphy
MEDICINE,Sharon
NEUROLOGY,Diane
MEDICINE,Rogers
CARDIOTHORACIC,Wright
NEUROSURGERY,Caitlin
MEDICINE,Joshua
CARDIOTHORACIC,Amy
CARDIOTHORACIC,Lewis
CARDIOTHORACIC,Austin
MEDICINE,Jorge
SURGERY,Monica
SURGERY,Samantha
ORTHOPAEDICS,Brett
ORTHOPAEDICS,Olivia
ORTHOPAEDICS,Angela
OTOLARYNGOLOGY,Erin
MEDICINE,Angela
MEDICINE,Jim
MEDICINE,Kenneth
MEDICINE,John
SURGERY,Michelle
MEDICINE,Aaron
MEDICINE,Angela
SURGERY,Kara
MEDICINE,Mark
SURGERY,Sarah
MEDICINE,Taylor
SURGERY,Tony
MEDICINE,Kylie
MEDICINE,Vanessa
NEUROLOGY,Mandy
MEDICINE,Joseph
MEDICINE,Jose
MEDICINE,Rebecca
MEDICINE,Richard
MEDICINE,Tammy
MEDICINE,Anthony
MEDICINE,Allen
NEUROSURGERY,Dawn
NEUROSURGERY,Renee
CARDIOTHORACIC,Sarah
MEDICINE,Angela
MEDICINE,Kimberly
MEDICINE,Erik
MEDICINE,Timothy
ORTHOPAEDICS,Jessica
MEDICINE,Trevor
SURGERY,Julie
MEDICINE,Rachel
MEDICINE,Samuel
SURGERY,Stephanie
MEDICINE,Debbie
SURGERY,Ryan
name Graham,Thomas
SURGERY,Christopher
SURGERY,Claire
SURGERY,Sharon
MEDICINE,Williams
NEUROLOGY,Allison
MEDICINE,Kyle
SURGERY,Sheri
MEDICINE,Jonathan
MEDICINE,Benjamin
CARDIOTHORACIC,Diane
CARDIOTHORACIC,Russell
SURGERY,John
MEDICINE,Jennifer
CARDIOTHORACIC,Tamara
CARDIOTHORACIC,Brittany
NEUROSURGERY,Ashley
ORTHOPAEDICS,Marie
MEDICINE,Ricky
MEDICINE,Veronica
NEUROSURGERY,Joe
NEUROSURGERY,Lisa
SURGERY,Eric
MEDICINE,William
NEUROSURGERY,Jason
MEDICINE,Jesse
SURGERY,Jennifer
MEDICINE,Cody
MEDICINE,Stephanie
MEDICINE,Aaron
UROLOGY,Paul
MEDICINE,Jennifer
MEDICINE,Bill
MEDICINE,Cruz
SURGERY,Anthony
MEDICINE,Timothy
ORTHOPAEDICS,Jennifer
MEDICINE,Shawna
NEUROLOGY,Harris
CARDIOTHORACIC,Scott
MEDICINE,Alexis
MEDICINE,Pamela
SURGERY,Kyle
SURGERY,Adam
MEDICINE,Andrew
NEUROLOGY,Hendrix
OTOLARYNGOLOGY,Charles
MEDICINE,Monica
MEDICINE,Matthew
CARDIOTHORACIC,Amy
MEDICINE,Arthur
NEUROLOGY,Cooper
SURGERY,Elizabeth
CARDIOTHORACIC,Patricia
MEDICINE,Erika
MEDICINE,Kimberly
SURGERY,Brian
NEUROLOGY,Mark
SURGERY,Elizabeth
MEDICINE,Anthony
ORTHOPAEDICS,Travis
MEDICINE,Morgan
MEDICINE,Kathryn
MEDICINE,Brian
OBSTETRICS/GYNECOLOGY,Tyler
CARDIOTHORACIC,Kimberly
NEUROSURGERY,Chloe
MEDICINE,Sherry
NEUROSURGERY,Manuel
MEDICINE,Michelle
CARDIOTHORACIC,Amy
MEDICINE,Aaron
MEDICINE,Edward
NEUROLOGY,Danny
MEDICINE,Karen
SURGERY,Michael
PLASTIC,Jennifer
MEDICINE,James
MEDICINE,Krista
NEUROLOGY,Chelsea
SURGERY,Michaela
NEUROSURGERY,Jessica
MEDICINE,Ronald
MEDICINE,Cobb
SURGERY,Michelle
CARDIOTHORACIC,Kelly
SURGERY,Manuel
MEDICINE,Kimberly
MEDICINE,Andrea
SURGERY,James
MEDICINE,Anthony
MEDICINE,Chelsea
MEDICINE,David
MEDICINE,Andrew
SURGERY,Jon
ORTHOPAEDICS,Breanna
MEDICINE,Makayla
NEUROSURGERY,Virginia
SURGERY,Veronica
MEDICINE,Jessica
SURGERY,Cristina
SURGERY,David
SURGERY,Brenda
MEDICINE,Angel
CARDIOTHORACIC,Courtney
SURGERY,Kelly
SURGERY,Charles
SURGERY,Felicia
MEDICINE,Mark
CARDIOTHORACIC,Barbara
MEDICINE,Heidi
SURGERY,Kevin
NEUROSURGERY,Nicholas
NEUROLOGY,Anthony
NEUROLOGY,Amanda
MEDICINE,John
MEDICINE,Kevin
MEDICINE,Victoria
MEDICINE,Melissa
MEDICINE,Billy
NEUROLOGY,Eric
SURGERY,John
NEUROLOGY,Joshua
NEUROLOGY,Curtis
MEDICINE,Crystal
NEUROLOGY,Carla
CARDIOTHORACIC,Paige
MED,Eric
Critical Care unit,Raymond
CSURG,Erin
MEDICINE,Michael
MEDICINE,Amanda
CARDIOTHORACIC,Michelle
EMERGENCY,Michaela
MEDICINE,Todd
MEDICINE,James
NEUROSURGERY,Michael
SURGERY,Raymond
MEDICINE,Nicole
year 2014,Christopher
NEUROSURGERY,Carrie
MEDICINE,Sherry
MEDICINE,Samantha
NEUROLOGY,Stacy
MEDICINE,Ariana
MEDICINE,Nicholas
SURGERY,Lisa
NEUROLOGY,Brian
SURGERY,Jessica
SURGERY,Joseph
CARDIOTHORACIC,Jeffery
MEDICINE,Carlos
MEDICINE,John
SURGERY,Megan
NEUROLOGY,Anne
NEUROSURGERY,Beth
MEDICINE,Vega
SURGERY,Elizabeth
MEDICINE,Nathan
NEUROLOGY,Hannah
SURGERY,Jared
MEDICINE,Caitlyn
MEDICINE,Katelyn
SURGERY,Joseph
NEUROSURGERY,Susan
ORTHOPAEDICS,Timothy
SURGERY,Alvarado
MEDICINE,Matthew
NEUROSURGERY,Courtney
MEDICINE,Matthew
SURGERY,Calvin
SURGERY,Angela
ORTHOPAEDICS,Michael
MEDICINE,Sherri
MEDICINE,Daniel
MEDICINE,Chelsea
MEDICINE,Anthony
UROLOGY,Christopher
MEDICINE,Lane
CARDIOTHORACIC,Cody
SURGERY,Melissa
SURGERY,Ramos
MEDICINE,Jessica
SURGERY,Heather
SURGERY,Carolyn
MEDICINE,Laura
SURGERY,Christina
MEDICINE,Mandy
SURGERY,Jamie
CARDIOTHORACIC,Kim
Psychiatry unit,Robert
MED,Jeffrey
MEDICINE,William
OBSTETRICS/GYNECOLOGY,Autumn
SURGERY,Erik
CARDIOTHORACIC,Brian
SURGERY,Andrea
CARDIOTHORACIC,Chad
MEDICINE,Michelle
CARDIOTHORACIC,Timothy
NEUROSURGERY,Samantha
SURGERY,Veronica
MEDICINE,Heather
MEDICINE,Travis
MEDICINE,Susan
MEDICINE,David
MEDICINE,Suzanne
ORTHOPAEDICS,Sara
SURGERY,Shari
MEDICINE,Mario
ENT,Michael
MEDICINE,Kelly
MEDICINE,Robert
SURGERY,Diana
SURGERY,Pamela
SURGERY,Rebecca
SURGERY,Jacqueline
name Higgins,Adriana
MEDICINE,Sara
NEUROLOGY,Joel
SURGERY,Nancy
NEUROLOGY,Frank
MEDICINE,Cheryl
MEDICINE,James
MEDICINE,Trevor
MEDICINE,Kevin
SURGERY,Joshua
SURGERY,Alexander
CARDIOTHORACIC,Alexandra
MEDICINE,Amy
MEDICINE,Wilcox
MEDICINE,Amanda
MEDICINE,John
MEDICINE,Matthew
name Ward,Margaret
SURGERY,Jacqueline
MEDICINE,Tara
MEDICINE,Steven
MEDICINE,Caitlin
Ginecology unit,Patricia
MED,Matthew
MED,Jason
Cardiology unit,Jason
NEUROLOGY,Peter
MED,Thompson
MEDICINE,Nicholas
MEDICINE,Stephanie
MED,Ashley
MEDICINE,Glenn
MEDICINE,Amber
name Strong,Jacqueline
MEDICINE,Martin
Ginecology unit,Heather
NEUROLOGY,Traci
MEDICINE,Michael
GU,Valerie
name Taylor,Peter
SURGERY,Andrea
MEDICINE,William
PLASTIC,Caleb
SURGERY,Rachel
MEDICINE,Debra
CARDIOTHORACIC,Edgar
MEDICINE,Nicole
CARDIOTHORACIC,Mark
MEDICINE,Reginald
SURGERY,Elizabeth
MEDICINE,Christina
NEUROLOGY,Andrea
name Cohen,Vanessa
SURGERY,Heather
Oncology unit,Donald
CARDIOTHORACIC,Kimberly
ORTHOPAEDICS,Gregory
MEDICINE,Patrick
ORTHO,Joseph
MED,Elizabeth
MEDICINE,Colleen
MED,Patricia
CARDIOTHORACIC,Justin
MEDICINE,Jessica
NEUROLOGY,Wendy
PLASTIC,Brian
SURGERY,Mark
CARDIOTHORACIC,Rachel
CARDIOTHORACIC,Melissa
SURGERY,Zachary
MEDICINE,Debra
MEDICINE,Robert
SURGERY,Kaitlyn
SURGERY,James
MEDICINE,Micheal
CARDIOTHORACIC,Kevin
MEDICINE,Jeremy
NEUROLOGY,Melissa
MEDICINE,Ryan
MEDICINE,Alexis
SURGERY,Tara
MEDICINE,Anthony
MEDICINE,Alexandria
MEDICINE,James
NEUROLOGY,Katie
SURGERY,Raymond
CARDIOTHORACIC,Daniel
MEDICINE,Kevin
PLASTIC,Timothy
MEDICINE,John
MEDICINE,Jamie
ORTHOPAEDICS,Stacie
SURGERY,Stephanie
NEUROSURGERY,Charlotte
NMED,Valerie
NEUROSURGERY,Bridget
MEDICINE,Lindsey
SURGERY,Kara
NEUROLOGY,David
CARDIOTHORACIC,Anita
SURGERY,Barbara
MEDICINE,Elizabeth
NEUROLOGY,Janet
NEUROSURGERY,James
MEDICINE,Ronald
MEDICINE,Ricky
SURGERY,Robert
MEDICINE,Holly
MEDICINE,Timothy
TSURG,James
MEDICINE,David
ORTHOPAEDICS,Maxwell
name Perry,Anna
SURGERY,Katelyn
MEDICINE,Allen
SURGERY,Daniel
MEDICINE,Jason
MEDICINE,Hannah
SURGERY,Julia
SURGERY,Rachel
MEDICINE,Sophia
NEUROLOGY,Richard
SURGERY,Mackenzie
MEDICINE,Jennifer
MEDICINE,Valerie
NEUROSURGERY,Juan
SURGERY,Mitchell
SURGERY,Melissa
MEDICINE,Adam
MEDICINE,Scott
MEDICINE,Rodriguez
SURGERY,Tiffany
MEDICINE,Anthony
MEDICINE,Lori
SURGERY,Jasmine
NEUROLOGY,Eric
SURGERY,Darryl
NEUROSURGERY,Nathan
MEDICINE,Caldwell
MEDICINE,Skinner
MEDICINE,Matthew
ORTHOPAEDICS,Randy
MEDICINE,Cooper
NEUROLOGY,Brown
MEDICINE,Chris
MEDICINE,Thomas
NEUROLOGY,Carlos
SURGERY,Ashley
MEDICINE,Christian
MEDICINE,Michael
SURGERY,Timothy
UROLOGY,Jennifer
MEDICINE,Veronica
MEDICINE,Robert
CARDIOTHORACIC,Susan
MEDICINE,Ethan
CARDIOTHORACIC,Loretta
MEDICINE,Tina
MEDICINE,Darius
MEDICINE,Kimberly
SURGERY,Sean
CARDIOTHORACIC,James
SURGERY,Austin
MEDICINE,Carolyn
SURGERY,Joseph
MEDICINE,Jesus
SURGERY,Jennifer
NEUROLOGY,Amber
OTOLARYNGOLOGY,Sarah
SURGERY,Ashley
MEDICINE,Mathew
SURGERY,Michael
CARDIOTHORACIC,Cheryl
SURGERY,Erin
SURGERY,Cathy
SURGERY,Robert
NEUROSURGERY,James
OBSTETRICS/GYNECOLOGY,Melanie
NEUROLOGY,Kimberly
MEDICINE,Kennedy
MEDICINE,Gabriela
SURGERY,Tanya
NEUROSURGERY,Andrea
MEDICINE,Ruth
MEDICINE,Tonya
CARDIOTHORACIC,Carl
MEDICINE,Brenda
MEDICINE,Samantha
NEUROLOGY,Hannah
MEDICINE,Anthony
SURGERY,Omar
ORTHOPAEDICS,Nathan
MEDICINE,Erika
NEUROSURGERY,Matthew
SURGERY,Carly
MEDICINE,Michael
MEDICINE,Steven
MEDICINE,Brittney
MEDICINE,Michelle
OTOLARYNGOLOGY,Michael
NEUROSURGERY,John
MEDICINE,Sara
NEUROSURGERY,Angela
MEDICINE,Amber
ORTHOPAEDICS,Cassandra
ORTHOPAEDICS,Jeremy
SURGERY,Robert
NEUROLOGY,Holly
MEDICINE,Kristen
MEDICINE,Kari
MEDICINE,Michelle
SURGERY,Sarah
NEUROSURGERY,Norman
MEDICINE,Pamela
CARDIOTHORACIC,Anthony
SURGERY,Karen
NEUROLOGY,Lynn
SURGERY,Natalie
MEDICINE,Stephen
UROLOGY,Leonard
NEUROLOGY,Julie
ORTHOPAEDICS,Steven
SURGERY,Michael
ORTHOPAEDICS,Pamela
MEDICINE,Theresa
NEUROLOGY,Peck
CARDIOTHORACIC,Daniel
OBSTETRICS/GYNECOLOGY,Natalie
MEDICINE,Parker
NEUROLOGY,Cowan
SURGERY,Andrea
MEDICINE,Robert
SURGERY,April
CARDIOTHORACIC,Richard
ORTHOPAEDICS,Jennifer
SURGERY,Jeremiah
SURGERY,Christopher
MEDICINE,Davis
MEDICINE,Kristen
MEDICINE,Calvin
SURGERY,Shelley
MEDICINE,Gina
SURGERY,Tyler
MEDICINE,Joel
SURGERY,Joann
CARDIOTHORACIC,Stephen
SURGERY,Michael
CARDIOTHORACIC,Gabriel
MEDICINE,Bruce
MEDICINE,Kelly
MEDICINE,Jimmy
MEDICINE,James
MEDICINE,Crystal
MEDICINE,Matthew
MEDICINE,Vickie
SURGERY,Courtney
MEDICINE,Ashley
SURGERY,Diana
SURGERY,Brian
SURGERY,Susan
NEUROSURGERY,Aaron
MEDICINE,Bobby
NEUROSURGERY,Sandra
SURGERY,Frank
MEDICINE,Robert
SURGERY,Mary
SURGERY,Nicholas
SURGERY,James
SURGERY,Rachel
SURGERY,Gregory
NEUROSURGERY,Angelica
NEUROSURGERY,Kimberly
MEDICINE,Daniel
MEDICINE,Kevin
SURGERY,Jennifer
CARDIOTHORACIC,Pamela
SURGERY,Lauren
CARDIOTHORACIC,Madeline
SURGERY,Phillip
MEDICINE,Charles
SURGERY,Stephanie
NEUROSURGERY,Tammy
NEUROLOGY,Tyler
MEDICINE,Anthony
NEUROSURGERY,Anthony
SURGERY,Anna
SURGERY,Thomas
MEDICINE,Kristie
MEDICINE,Marie
NEUROLOGY,Henderson
MEDICINE,Tanner
MEDICINE,Michael
CARDIOTHORACIC,Lewis
SURGERY,James
MEDICINE,Schwartz
NEUROSURGERY,Jessica
MEDICINE,David
SURGERY,Debra
MEDICINE,Katie
SURGERY,Keith
NEUROSURGERY,Glenda
MEDICINE,Tracy
CARDIOTHORACIC,Joshua
MEDICINE,Kaitlyn
MEDICINE,Gilbert
MEDICINE,John
MEDICINE,Conner
MEDICINE,Bryan
SURGERY,Andrew
MEDICINE,Ashley
MEDICINE,Meredith
MEDICINE,Bartlett
SURGERY,Joseph
MEDICINE,Nancy
MEDICINE,Elizabeth
MEDICINE,Jessica
MEDICINE,Chris
NEUROSURGERY,Debbie
SURGERY,Allen
MEDICINE,Joshua
SURGERY,Jon
CARDIOTHORACIC,Thomas
NEUROSURGERY,Anthony
MEDICINE,Payne
NEUROSURGERY,Jonathan
SURGERY,Colleen
MEDICINE,Janet
MEDICINE,Valerie
UROLOGY,Miranda
NEUROSURGERY,Jennifer
SURGERY,Jeanette
MEDICINE,Christian
UROLOGY,Victoria
NEUROLOGY,Brandon
NEUROSURGERY,Stephen
SURGERY,Erik
SURGERY,Gwendolyn
MEDICINE,Ramsey
MEDICINE,Kelly
NEUROLOGY,Alex
NEUROLOGY,Isaiah
SURGERY,Steven
NEUROSURGERY,Shannon
ORTHOPAEDICS,Howard
MEDICINE,Peter
MEDICINE,Tamara
CARDIOTHORACIC,Charles
ORTHOPAEDICS,John
CARDIOTHORACIC,Dawn
NEUROSURGERY,Shane
MEDICINE,Danny
SURGERY,Anthony
NEUROSURGERY,Matthew
SURGERY,Johnny
MEDICINE,Taylor
MEDICINE,Linda
MEDICINE,Clifford
ORTHOPAEDICS,Danielle
MEDICINE,Christina
MEDICINE,Barbara
MEDICINE,Christopher
MEDICINE,Jodi
ORTHOPAEDICS,Kyle
MEDICINE,Jessica
CARDIOTHORACIC,Fisher
SURGERY,Brenda
SURGERY,Andrew
MEDICINE,Christopher
MEDICINE,Courtney
NEUROLOGY,Lisa
NEUROLOGY,Karen
NEUROLOGY,David
NEUROSURGERY,Michael
NEUROSURGERY,Stephanie
NEUROSURGERY,Jeffrey
SURGERY,Stacy
CARDIOTHORACIC,Tammy
CARDIOTHORACIC,Donna
NEUROSURGERY,Laurie
NEUROLOGY,Ana
SURGERY,Renee
CARDIOTHORACIC,Michael
NEUROSURGERY,Christopher
SURGERY,Robert
MEDICINE,Cynthia
SURGERY,Patrick
SURGERY,Jessica
MEDICINE,Amber
SURGERY,Raymond
SURGERY,Joseph
SURGERY,Lynn
MEDICINE,Joseph
SURGERY,Lewis
SURGERY,Eric
MEDICINE,Andrea
MEDICINE,Christopher
ORTHOPAEDICS,Rodriguez
SURGERY,Kristie
MEDICINE,Amber
MEDICINE,Michael
MEDICINE,William
SURGERY,Ashley
CARDIOTHORACIC,Melissa
MEDICINE,Matthew
MEDICINE,Sweeney
NEUROLOGY,Shelley
MEDICINE,Jason
SURGERY,Stacy
MEDICINE,Kimberly
SURGERY,Mark
OTOLARYNGOLOGY,Christopher
MEDICINE,Kim
MEDICINE,Michelle
NEUROSURGERY,Thomas
CARDIOTHORACIC,Nicholas
NEUROSURGERY,Harry
MEDICINE,Deborah
NEUROLOGY,Albert
MEDICINE,Kenneth
MEDICINE,Brent
MEDICINE,Destiny
MEDICINE,Brian
NEUROLOGY,Paula
SURGERY,Billy
MEDICINE,Coleman
MEDICINE,Zachary
PLASTIC,Mark
ORTHOPAEDICS,Andrea
NEUROLOGY,Lindsay
CARDIOTHORACIC,Sarah
CARDIOTHORACIC,Rita
MEDICINE,Frank
MEDICINE,Shannon
SURGERY,Gregory
CARDIOTHORACIC,Juan
MEDICINE,Nash
NEUROSURGERY,Sarah
NEUROLOGY,Kristina
MEDICINE,Amy
NEUROSURGERY,Carl
MEDICINE,Mark
SURGERY,Shannon
MEDICINE,Michael
SURGERY,Julia
SURGERY,Molly
NEUROLOGY,Holloway
NEUROSURGERY,Andrew
SURGERY,Travis
CARDIOTHORACIC,Jacob
SURGERY,Michele
MEDICINE,George
MEDICINE,Barnes
CARDIOTHORACIC,Charlene
SURGERY,Russell
MEDICINE,Paul
SURGERY,Kayla
SURGERY,Rachel
MEDICINE,Tanya
CARDIOTHORACIC,Mcfarland
CARDIOTHORACIC,Kevin
MEDICINE,James
SURGERY,Caitlin
MEDICINE,Debbie
SURGERY,Alexander
SURGERY,Kelsey
PLASTIC,Andrew
OBSTETRICS/GYNECOLOGY,Edward
OBSTETRICS/GYNECOLOGY,Jennifer
MEDICINE,Veronica
SURGERY,Steven
MEDICINE,Jacob
NEUROSURGERY,Peggy
SURGERY,Christine
MEDICINE,Dennis
MEDICINE,Gregory
CARDIOTHORACIC,Jared
MEDICINE,Amy
SURGERY,Nathaniel
MEDICINE,Scott
SURGERY,Christine
SURGERY,Vanessa
NEUROSURGERY,Seth
SURGERY,Leah
SURGERY,Ashley
SURGERY,Matthew
MEDICINE,Grace
NEUROLOGY,Williams
MEDICINE,Megan
SURGERY,James
SURGERY,Jason
SURGERY,Emma
MEDICINE,Jeremy
NEUROLOGY,Katherine
MEDICINE,Brian
MEDICINE,Patricia
SURGERY,Diana
MEDICINE,Michael
NEUROLOGY,Riddle
SURGERY,Larry
MEDICINE,Rebecca
MEDICINE,Tiffany
MEDICINE,Sarah
SURGERY,Kevin
NEUROLOGY,Alejandro
SURGERY,Joanna
MEDICINE,Angela
MEDICINE,Crystal
MEDICINE,Dennis
MEDICINE,Dustin
SURGERY,James
SURGERY,Garrett
MEDICINE,Carolyn
SURGERY,Christopher
MEDICINE,Jonathan
MEDICINE,Angie
MEDICINE,Johnson
SURGERY,Joshua
CARDIOTHORACIC,Christine
SURGERY,Catherine
MEDICINE,Shari
NEUROLOGY,Craig
CARDIOTHORACIC,Debra
SURGERY,Samantha
MEDICINE,Jesse
MEDICINE,Joseph
NEUROSURGERY,Johnathan
MEDICINE,Alexa
CARDIOTHORACIC,Tammy
MEDICINE,Alice
NEUROSURGERY,Sara
SURGERY,Joel
UROLOGY,Christopher
MEDICINE,Matthew
MEDICINE,Lindsay
CARDIOTHORACIC,Kevin
CARDIOTHORACIC,Michael
CARDIOTHORACIC,Bonnie
MEDICINE,Thomas
CARDIOTHORACIC,Nicholas
SURGERY,Jessica
SURGERY,Richard
SURGERY,Christopher
SURGERY,Bryan
SURGERY,Andrew
SURGERY,Phillip
MEDICINE,William
MEDICINE,Margaret
MEDICINE,Eric
MEDICINE,Elizabeth
SURGERY,Priscilla
MEDICINE,Arthur
SURGERY,Kim
MEDICINE,Nelson
MEDICINE,Carmen
MEDICINE,Suzanne
CARDIOTHORACIC,Douglas
SURGERY,Samantha
SURGERY,Andrew
MEDICINE,Susan
MEDICINE,Joel
MEDICINE,Jay
MEDICINE,Gregory
MEDICINE,Christina
MEDICINE,Sharon
MEDICINE,Krystal
SURGERY,Mark
MEDICINE,Christine
MEDICINE,Chloe
MEDICINE,Sarah
MEDICINE,Lisa
MEDICINE,Andrea
MEDICINE,Jason
SURGERY,Randy
SURGERY,Joseph
NEUROLOGY,Terri
NEUROLOGY,Virginia
ORTHOPAEDICS,Leslie
NEUROSURGERY,Adam
CARDIOTHORACIC,Jason
OBSTETRICS/GYNECOLOGY,Raymond
CARDIOTHORACIC,Ryan
SURGERY,Roger
MEDICINE,Kristen
NEUROLOGY,William
CARDIOTHORACIC,Michele
NEUROLOGY,Cole
SURGERY,Cathy
CARDIOTHORACIC,Nathan
NEUROLOGY,Glenn
MEDICINE,Stephanie
CARDIOTHORACIC,Christine
SURGERY,Andrew
CARDIOTHORACIC,Heather
MEDICINE,John
CARDIOTHORACIC,Patterson
MEDICINE,Alicia
NEUROLOGY,David
MEDICINE,Brittany
MEDICINE,Amanda
MEDICINE,Tammy
SURGERY,Alan
MEDICINE,James
MEDICINE,Donald
MEDICINE,Anna
MEDICINE,Melissa
MEDICINE,Janet
SURGERY,Jessica
SURGERY,Sean
MEDICINE,Amanda
MEDICINE,Jamie
MEDICINE,Alfred
SURGERY,Richard
NEUROSURGERY,Linda
CARDIOTHORACIC,Russell
MEDICINE,Timothy
SURGERY,Lisa
CARDIOTHORACIC,Pam
ORTHOPAEDICS,Katherine
SURGERY,Heather
SURGERY,Jennifer
MEDICINE,Danielle
NEUROSURGERY,Joshua
PLASTIC,Robin
SURGERY,Bruce
MEDICINE,Chelsey
SURGERY,Charles
SURGERY,Carlos
SURGERY,Jennifer
MEDICINE,Brian
NEUROLOGY,Donna
PLASTIC,Kathryn
SURGERY,Kelly
SURGERY,Matthew
MEDICINE,Martha
MEDICINE,Stephanie
UROLOGY,Dana
PLASTIC,Matthew
MEDICINE,Diane
MEDICINE,Parker
MEDICINE,Joyce
MEDICINE,Valerie
NEUROSURGERY,Rachael
CARDIOTHORACIC,Thomas
MEDICINE,Nancy
MEDICINE,Mark
SURGERY,Julia
SURGERY,Linda
NEUROLOGY,John
SURGERY,Robert
SURGERY,Paul
CARDIOTHORACIC,Mallory
MEDICINE,Anderson
MEDICINE,Matthew
MEDICINE,David
SURGERY,Smith
SURGERY,Melissa
SURGERY,Michael
CARDIOTHORACIC,Moore
NEUROSURGERY,Ashley
CARDIOTHORACIC,Nathan
MEDICINE,Kim
SURGERY,Michele
CARDIOTHORACIC,Thomas
SURGERY,Kathy
NEUROLOGY,John
SURGERY,Martha
ORTHOPAEDICS,Morgan
NEUROSURGERY,Philip
NEUROSURGERY,Lauren
MEDICINE,David
MEDICINE,Bruce
CARDIOTHORACIC,Buchanan
MEDICINE,Gordon
MEDICINE,Pitts
NEUROSURGERY,Debbie
MEDICINE,Jennifer
MEDICINE,Kerry
MEDICINE,Jason
CARDIOTHORACIC,Sara
CARDIOTHORACIC,Heather
MEDICINE,Tiffany
MEDICINE,Bobby
SURGERY,David
SURGERY,Susan
NEUROSURGERY,Todd
NEUROSURGERY,Margaret
MEDICINE,Sandra
MEDICINE,Ryan
MEDICINE,William
MEDICINE,William
MEDICINE,Crystal
ORTHOPAEDICS,Timothy
OTOLARYNGOLOGY,Ruth
SURGERY,Nicholas
PLASTIC,Deborah
CARDIOTHORACIC,Tracey
MEDICINE,David
SURGERY,Heather
MEDICINE,Christopher
SURGERY,Michael
MEDICINE,Tanner
SURGERY,Jessica
SURGERY,Lisa
SURGERY,Jamie
SURGERY,Richard
MEDICINE,Sydney
MEDICINE,Heather
MEDICINE,Chelsea
SURGERY,Tiffany
CARDIOTHORACIC,Logan
MEDICINE,Sandra
SURGERY,Peter
NEUROLOGY,Debbie
MEDICINE,Bridget
MEDICINE,George
SURGERY,Rebecca
SURGERY,Amber
SURGERY,Janice
SURGERY,Mary
MEDICINE,Tammy
CARDIOTHORACIC,Deborah
NEUROLOGY,Donna
MEDICINE,Mark
NEUROLOGY,Rose
CARDIOTHORACIC,Sherry
NEUROSURGERY,Thomas
MEDICINE,Andrew
MEDICINE,Paul
CARDIOTHORACIC,Robin
OBSTETRICS/GYNECOLOGY,Allison
MEDICINE,Wanda
MEDICINE,Bethany
MEDICINE,Abigail
MEDICINE,Melinda
CARDIOTHORACIC,Jacob
MEDICINE,Virginia
MEDICINE,Alicia
SURGERY,Dawn
CARDIOTHORACIC,Holland
SURGERY,Tina
MEDICINE,Julie
ORTHOPAEDICS,Kathleen
SURGERY,Robin
MEDICINE,Robert
VSURG,Lori
MEDICINE,Emily
MEDICINE,Christopher
MEDICINE,Robert
MEDICINE,King
MEDICINE,Christopher
MEDICINE,Kayla
MEDICINE,Casey
NEUROLOGY,Todd
MEDICINE,Angela
MEDICINE,Robert
MEDICINE,James
NEUROLOGY,Carrie
MEDICINE,Teresa
MEDICINE,Andrea
MEDICINE,Lee
NEUROSURGERY,Amber
NEUROSURGERY,Vincent
MEDICINE,Thomas
SURGERY,Michael
SURGERY,Christopher
MEDICINE,Christopher
MEDICINE,Melissa
NEUROLOGY,Nicole
NEUROSURGERY,Jessica
MEDICINE,Ashley
name Smith,Cathy
MEDICINE,Hunt
MEDICINE,John
MEDICINE,Christopher
MEDICINE,Joanna
SURGERY,Jerry
MEDICINE,Sabrina
SURGERY,Elizabeth
ORTHOPAEDICS,William
MED,Joshua
SURGERY,Richard
MEDICINE,Brianna
MEDICINE,Javier
MEDICINE,Madison
MEDICINE,Maria
MEDICINE,Stephanie
MEDICINE,Tiffany
MEDICINE,Ana
MEDICINE,Ashley
MEDICINE,Jeffrey
MED,Nicholas
MEDICINE,Lisa
Pulmonary unit,Jennifer
MEDICINE,Holly
MEDICINE,David
MEDICINE,Jennifer
CARDIOTHORACIC,Rebecca
SURGERY,Aaron
NEUROLOGY,John
NEUROLOGY,Contreras
SURGERY,Alan
SURGERY,Miguel
SURGERY,Jim
SURGERY,Julie
SURGERY,Virginia
MEDICINE,Richard
MEDICINE,Kevin
NEUROLOGY,Andrews
MEDICINE,Shannon
MEDICINE,Tina
MEDICINE,Destiny
SURGERY,Cynthia
MEDICINE,Valerie
MEDICINE,Donald
MEDICINE,Sarah
MEDICINE,Vincent
MEDICINE,Reilly
MEDICINE,Bradley
MEDICINE,John
MEDICINE,Nathaniel
CARDIOTHORACIC,Dawn
MEDICINE,Timothy
MEDICINE,Wilson
MEDICINE,Mary
MEDICINE,Joshua
CARDIOTHORACIC,Terrance
MEDICINE,Brandy
MEDICINE,Jorge
MEDICINE,Smith
MEDICINE,Jennifer
MED,Williams
SURGERY,Denise
CARDIOTHORACIC,Tara
MEDICINE,Stephanie
MEDICINE,Elizabeth
MEDICINE,Gray
MEDICINE,John
SURGERY,Christian
MEDICINE,Stephen
MEDICINE,Vasquez
MEDICINE,Robert
NEUROLOGY,Christine
MEDICINE,Derrick
CARDIOTHORACIC,Charles
MEDICINE,Justin
MEDICINE,Ariel
SURGERY,Kaitlyn
SURGERY,Michelle
UROLOGY,Deborah
MEDICINE,Dana
MEDICINE,Victor
SURGERY,Michelle
MEDICINE,Ashlee
MEDICINE,Brian
NEUROLOGY,Amy
MEDICINE,Dylan
ORTHOPAEDICS,Michael
MEDICINE,Matthew
ORTHOPAEDICS,Steven
MEDICINE,Roberto
MEDICINE,Brianna
MEDICINE,Joseph
MEDICINE,Heather
MEDICINE,Jacqueline
MEDICINE,Kayla
MEDICINE,Heather
MEDICINE,Daniel
MEDICINE,Cynthia
MEDICINE,Mark
MEDICINE,Deanna
SURGERY,Veronica
MEDICINE,David
SURGERY,Madeline
MEDICINE,Brown
MEDICINE,David
MEDICINE,Brandon
CARDIOTHORACIC,Joseph
MEDICINE,Krista
MEDICINE,Angela
EMERGENCY,Antonio
MEDICINE,Michael
MEDICINE,Jeffrey
CARDIOTHORACIC,Stephanie
NEUROLOGY,Roberto
MEDICINE,Smith
SURGERY,Anthony
SURGERY,Beverly
MEDICINE,Renee
MEDICINE,Jennifer
MEDICINE,Kim
SURGERY,Alexis
MEDICINE,William
SURGERY,Zachary
NEUROSURGERY,Paul
CARDIOTHORACIC,Stephen
MEDICINE,Kimberly
CARDIOTHORACIC,Thomas
MEDICINE,Jessica
MEDICINE,Justin
UROLOGY,Robert
MEDICINE,Jerry
SURGERY,Karen
MEDICINE,Sean
MEDICINE,Phyllis
NEUROLOGY,Jenny
NEUROLOGY,Susan
year 2002,Deborah
SURGERY,Ethan
SURGERY,Dana
year 2022,Brenda
MEDICINE,Zachary
MEDICINE,Jacob
MEDICINE,Michael
OTOLARYNGOLOGY,Adam
MEDICINE,Peter
NEUROSURGERY,Christopher
CARDIOTHORACIC,Melanie
ORTHOPAEDICS,Jared
SURGERY,Christopher
CARDIOTHORACIC,Melissa
SURGERY,Jessica
SURGERY,Greg
PLASTIC,Evan
SURGERY,Anthony
SURGERY,Kathy
CARDIOTHORACIC,Shane
MEDICINE,Valerie
MEDICINE,Morgan
MEDICINE,Paul
ORTHOPAEDICS,Jessica
MEDICINE,Russell
SURGERY,Katherine
SURGERY,Cheryl
SURGERY,Veronica
SURGERY,Kelly
MEDICINE,Alec
NEUROLOGY,Koch
SURGERY,Javier
SURGERY,Kimberly
SURGERY,Shane
NEUROSURGERY,James
PLASTIC,Kathy
MEDICINE,Roberts
NEUROSURGERY,Linda
SURGERY,Christopher
MEDICINE,Ruth
MEDICINE,James
CARDIOTHORACIC,Melinda
CARDIOTHORACIC,Shawna
MEDICINE,Hensley
SURGERY,Shelly
CARDIOTHORACIC,Denise
SURGERY,John
MEDICINE,Carolyn
NEUROLOGY,Carey
PLASTIC,Lisa
SURGERY,Melissa
SURGERY,Cory
MEDICINE,Jesse
MEDICINE,Christine
NEUROLOGY,Matthew
MEDICINE,Michael
NEUROLOGY,Jackson
CARDIOTHORACIC,Isabel
NEUROSURGERY,Lisa
MEDICINE,Cynthia
MEDICINE,William
MEDICINE,Sarah
SURGERY,Keith
SURGERY,Jeffrey
NEUROSURGERY,Michael
SURGERY,Michael
SURGERY,Jennifer
MEDICINE,Watson
SURGERY,Sean
SURGERY,Janet
CARDIOTHORACIC,Susan
SURGERY,Natasha
OBSTETRICS/GYNECOLOGY,Patrick
MEDICINE,Elizabeth
CARDIOTHORACIC,Tina
MEDICINE,Katie
MEDICINE,Jose
NEUROSURGERY,Andrew
SURGERY,William
MEDICINE,Keith
MEDICINE,Samantha
MEDICINE,Shane
SURGERY,Chase
SURGERY,Dana
MEDICINE,Alexandra
SURGERY,Robert
NEUROLOGY,Emily
SURGERY,Shawn
SURGERY,Theresa
NEUROLOGY,Buchanan
SURGERY,Lisa
MEDICINE,Elizabeth
MEDICINE,Jeffrey
CARDIOTHORACIC,Glenda
MEDICINE,Juan
SURGERY,Shane
CARDIOTHORACIC,Sarah
CARDIOTHORACIC,Timothy
MEDICINE,Heather
MEDICINE,Jill
MEDICINE,Adrian
CARDIOTHORACIC,Jonathan
MEDICINE,Ashley
MEDICINE,Robert
MEDICINE,Michael
SURGERY,Jason
SURGERY,Michael
NEUROLOGY,James
MEDICINE,William
MEDICINE,Tasha
CARDIOTHORACIC,Michele
MEDICINE,Courtney
MEDICINE,Thornton
MEDICINE,Dunn
MEDICINE,Sandra
MEDICINE,Brenda
ORTHOPAEDICS,James
MEDICINE,Jessica
ORTHOPAEDICS,Mary
MEDICINE,Gates
MEDICINE,Michele
MEDICINE,Amber
NEUROLOGY,Burns
SURGERY,Dakota
CARDIOTHORACIC,Edward
SURGERY,Mackenzie
UROLOGY,Charles
UROLOGY,Casey
PLASTIC,Grant
NEUROSURGERY,Kayla
MEDICINE,Sophia
NEUROLOGY,Heidi
NEUROLOGY,Roger
MEDICINE,Michael
SURGERY,Matthew
SURGERY,Megan
NEUROLOGY,Jasmin
SURGERY,Sophia
NEUROLOGY,Allen
SURGERY,James
SURGERY,Christopher
NEUROSURGERY,Logan
SURGERY,Matthew
SURGERY,Kevin
NEUROSURGERY,Virginia
SURGERY,Kimberly
MEDICINE,Valerie
UROLOGY,Jeanette
MEDICINE,Jones
SURGERY,Cynthia
SURGERY,Raymond
MEDICINE,William
MEDICINE,Joann
MEDICINE,John
SURGERY,Kelly
NEUROLOGY,Richard
MEDICINE,David
MEDICINE,Julia
SURGERY,Jason
NEUROLOGY,Brandon
SURGERY,Jennifer
SURGERY,Bob
NEUROSURGERY,Michael
SURGERY,William
SURGERY,David
SURGERY,Omar
SURGERY,Steve
SURGERY,Renee
SURGERY,Pamela
OBSTETRICS/GYNECOLOGY,Jacob
MEDICINE,Scott
SURGERY,Melissa
MEDICINE,Kimberly
CARDIOTHORACIC,Amy
MEDICINE,Austin
SURGERY,Angela
SURGERY,Rebecca
CARDIOTHORACIC,Elizabeth
CARDIOTHORACIC,David
SURGERY,Jamie
MEDICINE,Anthony
SURGERY,Walter
NEUROSURGERY,Eric
NEUROSURGERY,Joseph
SURGERY,Kathleen
MEDICINE,Sutton
MEDICINE,Chandler
SURGERY,Sarah
PLASTIC,Tina
MEDICINE,Kevin
MEDICINE,Melvin
ORTHOPAEDICS,Kendra
MEDICINE,Courtney
NEUROSURGERY,Adrienne
MEDICINE,Sean
MEDICINE,Matthew
MEDICINE,Christine
ORTHOPAEDICS,Brianna
CARDIOTHORACIC,Gary
NEUROSURGERY,Ricky
SURGERY,Edward
NEUROLOGY,Stevens
MEDICINE,John
UROLOGY,Jessica
CARDIOTHORACIC,Justin
MEDICINE,Christopher
SURGERY,Danny
MEDICINE,Gregory
ORTHOPAEDICS,Kelly
ORTHOPAEDICS,Amanda
SURGERY,Teresa
SURGERY,Teresa
MEDICINE,Cynthia
SURGERY,James
MEDICINE,Kevin
SURGERY,Ashley
CARDIOTHORACIC,Paige
MEDICINE,David
SURGERY,Benjamin
SURGERY,Christopher
SURGERY,Joseph
CARDIOTHORACIC,Anthony
MEDICINE,Sanders
NEUROSURGERY,Michael
SURGERY,Jennifer
MEDICINE,Rodney
MEDICINE,Mark
MEDICINE,Wilson
MEDICINE,Rebecca
ORTHOPAEDICS,Jackson
ORTHOPAEDICS,Patrick
MEDICINE,Brittany
CARDIOTHORACIC,Kevin
NEUROSURGERY,Amber
MEDICINE,Jared
MEDICINE,Richard
MEDICINE,Brittney
MEDICINE,Richard
SURGERY,Patricia
SURGERY,Steven
SURGERY,Toni
SURGERY,Teresa
MEDICINE,Debra
MEDICINE,Stefanie
NEUROSURGERY,Karen
SURGERY,Kevin
MEDICINE,Richard
ORTHOPAEDICS,Elizabeth
SURGERY,Michael
MEDICINE,Casey
MEDICINE,Anita
SURGERY,Elizabeth
SURGERY,Brittany
NEUROSURGERY,Emily
SURGERY,Cheryl
MEDICINE,Yolanda
OBSTETRICS/GYNECOLOGY,Tina
SURGERY,William
MEDICINE,Robert
MEDICINE,Lisa
MEDICINE,Diana
NEUROLOGY,Samantha
MEDICINE,Victor
MEDICINE,Garcia
MEDICINE,Sharon
SURGERY,Anna
ORTHOPAEDICS,Diane
NEUROLOGY,Connie
EMERGENCY,Ashley
MEDICINE,Michele
ORTHOPAEDICS,Jeffrey
NEUROLOGY,Tracy
MEDICINE,Brown
MEDICINE,Marquez
MEDICINE,Paul
CARDIOTHORACIC,Kayla
SURGERY,Katie
SURGERY,Sarah
MEDICINE,Ryan
MEDICINE,Jason
SURGERY,Curtis
NEUROLOGY,Craig
MEDICINE,Tony
MEDICINE,Elizabeth
MEDICINE,Amber
MEDICINE,Robert
SURGERY,Sarah
MEDICINE,Michael
NEUROLOGY,Jeremiah
NEUROLOGY,Courtney
MEDICINE,Bryan
SURGERY,Angela
MEDICINE,Brittany
MEDICINE,Elizabeth
SURGERY,Stephanie
MEDICINE,Christine
NEUROSURGERY,Alicia
SURGERY,Frank
MEDICINE,Lindsey
CARDIOTHORACIC,Amanda
MEDICINE,Ashley
SURGERY,Zachary
SURGERY,Susan
MEDICINE,John
NEUROSURGERY,Erica
NEUROSURGERY,Mark
MEDICINE,Brian
MEDICINE,Christopher
MEDICINE,Adam
SURGERY,Donna
MEDICINE,Brenda
MEDICINE,Watkins
MEDICINE,Hannah
MEDICINE,Sarah
MEDICINE,Ricardo
NEUROLOGY,Juan
NEUROLOGY,Ford
MEDICINE,Brooks
MEDICINE,Mary
EMERGENCY,Nicholas
MEDICINE,Steven
MEDICINE,Catherine
CARDIOTHORACIC,Cory
MEDICINE,Mackenzie
CARDIOTHORACIC,Daniel
CARDIOTHORACIC,Shari
MEDICINE,Todd
SURGERY,Tiffany
ORTHOPAEDICS,Michael
NEUROLOGY,Rebecca
SURGERY,Makayla
SURGERY,Erika
MEDICINE,Shane
ORTHOPAEDICS,Emily
MEDICINE,Joe
MEDICINE,Davis
MEDICINE,Samantha
MEDICINE,Kevin
MEDICINE,Samantha
MEDICINE,Emily
NEUROLOGY,Jones
CARDIOTHORACIC,Stacy
MEDICINE,Rebecca
SURGERY,Carpenter
SURGERY,Emily
SURGERY,Christopher
ORTHOPAEDICS,Crawford
MEDICINE,David
MEDICINE,Matthew
NEUROLOGY,Barker
SURGERY,Tyler
ORTHOPAEDICS,Mike
ORTHOPAEDICS,Samantha
MEDICINE,Michael
MEDICINE,David
SURGERY,Shane
NEUROLOGY,Luis
SURGERY,Jacob
SURGERY,Christopher
NEUROLOGY,Sara
CARDIOTHORACIC,Brian
MEDICINE,Emma
MEDICINE,Joseph
SURGERY,Martin
MEDICINE,Scott
ORTHOPAEDICS,Madison
NEUROSURGERY,Jennifer
ORTHOPAEDICS,Kyle
MEDICINE,David
OBSTETRICS/GYNECOLOGY,Michael
SURGERY,Brandon
MED,James
MEDICINE,Sherry
MEDICINE,Nathan
MEDICINE,Steven
MEDICINE,Stephanie
MEDICINE,Brittany
MEDICINE,Andrea
MEDICINE,Dennis
MEDICINE,Joe
MEDICINE,Tiffany
MEDICINE,Heather
MEDICINE,Olson
CARDIOTHORACIC,Karen
MEDICINE,Cameron
PLASTIC,Julie
SURGERY,Danny
CARDIOTHORACIC,Porter
SURGERY,Patrick
MEDICINE,Cynthia
year 2016,Julie
MEDICINE,Todd
MEDICINE,Mathis
MEDICINE,Garrett
NEUROLOGY,Andrew
MEDICINE,Billy
MEDICINE,Jerome
EMERGENCY,Ryan
MEDICINE,Andrea
MEDICINE,Harris
NEUROLOGY,Marsh
MEDICINE,Thomas
CARDIOTHORACIC,Cassie
MEDICINE,Vanessa
MEDICINE,Amanda
PLASTIC,Dale
MEDICINE,Natalie
MEDICINE,Taylor
MED,Adam
CARDIOTHORACIC,Ian
MEDICINE,Nicole
MEDICINE,Kenneth
MEDICINE,Carolyn
MEDICINE,Aaron
MEDICINE,Benjamin
SURGERY,April
SURGERY,Christopher
MEDICINE,Fischer
NEUROLOGY,Jerry
MEDICINE,Zachary
SURGERY,Jason
MEDICINE,Connor
MEDICINE,Traci
CARDIOTHORACIC,Johnny
MEDICINE,Susan
SURGERY,Shirley
MEDICINE,Lynch
MEDICINE,Amanda
NEUROLOGY,Kimberly
MEDICINE,Nicole
MEDICINE,Donald
MED,Joshua
MEDICINE,Jeremy
MEDICINE,Jimmy
CARDIOTHORACIC,Billy
MEDICINE,James
UROLOGY,Ann
Ginecology unit,Jeremy
MEDICINE,Anita
NEUROLOGY,Michael
MEDICINE,Oscar
MEDICINE,Laura
SURGERY,Joanna
SURGERY,Amanda
MEDICINE,Katherine
CSURG,Emily
MEDICINE,Tanya
MEDICINE,Andrea
MEDICINE,Joshua
MEDICINE,Debbie
MEDICINE,James
MEDICINE,Brian
NEUROLOGY,Tammy
SURGERY,Garcia
SURGERY,Dustin
MEDICINE,Emily
MEDICINE,Banks
MEDICINE,Gerald
MEDICINE,David
OTOLARYNGOLOGY,Joshua
MEDICINE,Nicole
CARDIOTHORACIC,Robin
NEUROLOGY,Sue
NEUROSURGERY,Roger
SURGERY,Courtney
SURGERY,Austin
MEDICINE,Dorothy
MEDICINE,Veronica
MEDICINE,Jessica
MEDICINE,Michael
MEDICINE,Lori
SURGERY,Samantha
MEDICINE,Tamara
MEDICINE,Robert
MEDICINE,Carrie
MEDICINE,Shawn
MEDICINE,Sarah
MEDICINE,Sarah
SURGERY,Jesse
MEDICINE,Darlene
CARDIOTHORACIC,Andrew
MEDICINE,Brian
NEUROLOGY,Miranda
SURGERY,Tapia
NEUROSURGERY,James
SURGERY,Christopher
MEDICINE,Andrew
MEDICINE,Ronnie
MEDICINE,Dixon
MEDICINE,Hudson
MEDICINE,Melissa
MEDICINE,Robert
SURGERY,Michael
MEDICINE,Steven
ORTHOPAEDICS,Beth
MEDICINE,Jacqueline
SURGERY,Michelle
MEDICINE,Ashley
SURGERY,Brian
MEDICINE,John
CARDIOTHORACIC,Johnny
MEDICINE,Robert
SURGERY,Louis
MEDICINE,Roger
MEDICINE,Jacqueline
MEDICINE,Cathy
MEDICINE,Erika
MEDICINE,Kristen
MEDICINE,Jesse
MEDICINE,Hebert
MEDICINE,Michael
ORTHOPAEDICS,James
NEUROSURGERY,Ashley
SURGERY,Cassie
SURGERY,Mark
OMED,Tara
SURGERY,Stephanie
MEDICINE,Lisa
SURGERY,Jonathan
MEDICINE,Jamie
SURGERY,Jennifer
MEDICINE,Kenneth
SURGERY,Jeremy
CARDIOTHORACIC,Philip
MEDICINE,Angela
MEDICINE,Shelby
SURGERY,Melissa
MEDICINE,Lauren
MEDICINE,Brittney
MEDICINE,Michael
OBSTETRICS/GYNECOLOGY,Raven
MEDICINE,Robin
ORTHOPAEDICS,Pamela
MEDICINE,Karen
MEDICINE,Rachel
MEDICINE,Kenneth
MEDICINE,Julia
MEDICINE,Crystal
NEUROLOGY,Tammy
SURGERY,Victoria
NEUROSURGERY,Nicholas
NEUROSURGERY,Jennifer
MEDICINE,Mary
SURGERY,Amber
NEUROSURGERY,Ray
MEDICINE,Bryan
MEDICINE,Tiffany
SURGERY,Samantha
MEDICINE,Matthew
MEDICINE,Joshua
MEDICINE,Zachary
MEDICINE,James
MEDICINE,Christina
MED,Deborah
MEDICINE,James
ORTHOPAEDICS,James
MEDICINE,Blake
SURGERY,Cameron
SURGERY,Sean
SURGERY,Bryan
MEDICINE,Billy
MEDICINE,Nancy
MEDICINE,Joyce
ORTHOPAEDICS,Christopher
MEDICINE,Christina
SURGERY,Stephanie
PSYCHIATRY,Jacob
SURGERY,Stephanie
NEUROLOGY,Amanda
NEUROSURGERY,Natasha
MEDICINE,Earl
MEDICINE,Jennifer
MEDICINE,Jody
MEDICINE,Steven
OBSTETRICS/GYNECOLOGY,Deborah
SURGERY,Mary
SURGERY,Dean
OBSTETRICS/GYNECOLOGY,Richard
CARDIOTHORACIC,Nicholas
SURGERY,Lori
SURGERY,Kaitlyn
ORTHOPAEDICS,Nicole
OTOLARYNGOLOGY,Daniel
SURGERY,Danielle
MEDICINE,Aaron
SURGERY,Nicole
SURGERY,Amanda
MEDICINE,Elaine
CARDIOTHORACIC,Andrew
SURGERY,Aaron
MEDICINE,Kenneth
SURGERY,Cody
ORTHOPAEDICS,Laura
CARDIOTHORACIC,James
MEDICINE,Thomas
MEDICINE,Bobby
SURGERY,Scott
SURGERY,Pamela
SURGERY,Hector
MEDICINE,Matthew
NEUROSURGERY,Phillip
CARDIOTHORACIC,Cassandra
NEUROLOGY,Steven
MEDICINE,Michael
MEDICINE,Frank
NEUROLOGY,Maria
NEUROLOGY,Hannah
CARDIOTHORACIC,Samantha
EMERGENCY,Aaron
MEDICINE,Golden
MEDICINE,Megan
MEDICINE,Derrick
MEDICINE,Ellen
SURGERY,Anthony
SURGERY,Justin
SURGERY,John
SURGERY,Tiffany
SURGERY,Vincent
SURGERY,Marcus
CARDIOTHORACIC,Michael
SURGERY,Harold
MEDICINE,Dalton
SURGERY,Ricky
MEDICINE,Amy
SURGERY,David
ORTHOPAEDICS,Kenneth
MEDICINE,Davis
NEUROLOGY,Alisha
OTOLARYNGOLOGY,Amanda
NEUROSURGERY,Shane
NEUROSURGERY,Michael
NEUROLOGY,Sonya
MEDICINE,Stephanie
CARDIOTHORACIC,Bradley
NEUROLOGY,Vanessa
MEDICINE,Rebecca
MEDICINE,Fry
SURGERY,Elizabeth
NEUROSURGERY,Dale
MEDICINE,Megan
MEDICINE,Stephen
NEUROLOGY,Tiffany
MEDICINE,David
MEDICINE,Lucero
SURGERY,Stephanie
MEDICINE,Morrison
NEUROSURGERY,Becky
MEDICINE,Kimberly
MEDICINE,Chad
SURGERY,Brittany
SURGERY,Michelle
MEDICINE,Michael
MEDICINE,Colleen
SURGERY,Blake
EMERGENCY,Natalie
MEDICINE,Scott
SURGERY,Kevin
NEUROLOGY,Clements
MEDICINE,Willie
MEDICINE,Lauren
MEDICINE,Jennifer
MEDICINE,Danielle
MEDICINE,Lorraine
MEDICINE,James
MEDICINE,Bradley
NEUROSURGERY,Jamie
SURGERY,Christian
MEDICINE,Christopher
MEDICINE,Gardner
OTOLARYNGOLOGY,Cassandra
MEDICINE,Morgan
MEDICINE,Lance
MEDICINE,Steven
MEDICINE,David
MEDICINE,Melanie
MEDICINE,Ricky
ORTHOPAEDICS,Reed
MEDICINE,John
MEDICINE,Caitlyn
MEDICINE,Michael
SURGERY,Marcus
NEUROSURGERY,Gloria
SURGERY,Charles
MEDICINE,Diana
NEUROSURGERY,Tiffany
MEDICINE,Andrea
SURGERY,Shelly
SURGERY,Justin
MEDICINE,Rachel
NEUROLOGY,Larry
SURGERY,Joshua
MEDICINE,Cesar
MEDICINE,Kimberly
MEDICINE,Meghan
MEDICINE,Jennifer
MEDICINE,Beverly
MEDICINE,Michelle
MEDICINE,Ryan
SURGERY,Johnathan
NEUROLOGY,Susan
NEUROSURGERY,Dustin
MEDICINE,Hamilton
MEDICINE,Michelle
SURGERY,Jodi
SURGERY,Felicia
SURGERY,Jessica
MEDICINE,Nicholas
SURGERY,Jasmine
NEUROSURGERY,Heidi
NEUROLOGY,Sims
MEDICINE,Glen
MEDICINE,John
MEDICINE,Stacie
MEDICINE,Kristen
MEDICINE,Jessica
MEDICINE,Benjamin
SURGERY,Espinoza
SURGERY,Jessica
SURGERY,Brandy
CARDIOTHORACIC,Todd
MEDICINE,Lisa
MEDICINE,Sierra
NEUROSURGERY,Brianna
MEDICINE,Kelly
MEDICINE,Gonzalez
MEDICINE,Joseph
CARDIOTHORACIC,Luke
SURGERY,Lisa
SURGERY,Jeremy
SURGERY,Brittany
MEDICINE,Alan
CARDIOTHORACIC,Susan
MEDICINE,Collin
MED,Jason
MEDICINE,Caleb
MEDICINE,Alexander
MEDICINE,Kimberly
SURGERY,Logan
NEUROSURGERY,Tracy
CARDIOTHORACIC,James
SURGERY,Welch
MEDICINE,Debbie
NEUROLOGY,Anthony
MEDICINE,Erica
SURGERY,Eric
NEUROLOGY,Matthew
CARDIOTHORACIC,Johnny
SURGERY,Ryan
NEUROLOGY,Dawson
MEDICINE,Marissa
NEUROSURGERY,Eugene
SURGERY,Jessica
MEDICINE,Sarah
SURGERY,Michelle
MEDICINE,Willis
SURGERY,Cruz
SURGERY,Scott
MEDICINE,King
MEDICINE,Farley
SURGERY,Riley
CARDIOTHORACIC,Jennifer
SURGERY,Christopher
CARDIOTHORACIC,Seth
SURGERY,Chavez
NEUROLOGY,Mcknight
NEUROSURGERY,Wagner
SURGERY,Knapp
CARDIOTHORACIC,Jessica
PLASTIC,Dougherty
MEDICINE,Warren
MEDICINE,George
MEDICINE,Chen
MEDICINE,Bruce
SURGERY,Julian
MEDICINE,Joseph
MED,Howard
NEUROLOGY,Holmes
MEDICINE,Sanders
NEUROSURGERY,Kimberly
NEUROLOGY,Miller
MEDICINE,Daniels
MEDICINE,Skinner
NEUROLOGY,Walker
SURGERY,Melissa
MED,Jose
ORTHOPAEDICS,Estes
MED,Green
MEDICINE,Schmitt
CARDIOTHORACIC,Margaret
MED,Sawyer
MEDICINE,Ray
MEDICINE,Ortega
ORTHOPAEDICS,Adriana
NEUROLOGY,Hannah
MEDICINE,Chapman
NEUROLOGY,David
MEDICINE,Rachel
MEDICINE,Jeremy
NEUROLOGY,Fuentes
MEDICINE,Ryan
ORTHOPAEDICS,Dawn
MEDICINE,Thomas
MEDICINE,Henderson
MEDICINE,Sullivan
SURGERY,Hawkins
SURGERY,Davis
CARDIOTHORACIC,Lindsey
MEDICINE,Jennifer
name Chapman,Gallegos
MEDICINE,Michael
SURGERY,Joseph
MEDICINE,Bean
MEDICINE,Gordon
MEDICINE,Cory
MEDICINE,Welch
MEDICINE,Huffman
SURGERY,Fernandez
MEDICINE,Chelsea
MEDICINE,Mendez
PLASTIC,Huang
MEDICINE,Stephen
MEDICINE,Barrett
CARDIOTHORACIC,Kristine
MEDICINE,Meyer
MED,Summer
SURGERY,David
NEUROSURGERY,Kaitlin
OBSTETRICS/GYNECOLOGY,Whitney
MEDICINE,Lopez
CARDIOTHORACIC,Felicia
MEDICINE,Berry
CARDIOTHORACIC,Ward
SURGERY,Michael
MEDICINE,Davis
CARDIOTHORACIC,Anne
CARDIOTHORACIC,Shelby
MEDICINE,Roy
MEDICINE,Ferguson
MEDICINE,John
SURGERY,Miller
MEDICINE,Black
CARDIOTHORACIC,Laura
MEDICINE,Saunders
MEDICINE,Franco
MEDICINE,Vargas
SURGERY,Martin
CARDIOTHORACIC,Jessica
CARDIOTHORACIC,Joseph
MEDICINE,Sullivan
MEDICINE,Christian
NEUROLOGY,Ross
CARDIOTHORACIC,Ortiz
CARDIOTHORACIC,Katherine
SURGERY,Hubbard
NEUROSURGERY,Kristen
CARDIOTHORACIC,Anita
NEUROSURGERY,Brandon
SURGERY,Jesse
MEDICINE,Tiffany
CARDIOTHORACIC,Russell
SURGERY,Ryan
CARDIOTHORACIC,Chad
SURGERY,Dawn
CARDIOTHORACIC,Powell
MEDICINE,Matthew
ORTHOPAEDICS,Chelsea
CARDIOTHORACIC,Mccullough
MEDICINE,Laura
MEDICINE,Bradley
CARDIOTHORACIC,Ritter
MEDICINE,Phillips
MEDICINE,Samantha
CARDIOTHORACIC,Annette
SURGERY,Berg
SURGERY,Rivera
UROLOGY,Wayne
NEUROSURGERY,Daniel
MEDICINE,Christian
SURGERY,Walsh
MEDICINE,Allen
CARDIOTHORACIC,Autumn
CARDIOTHORACIC,Sandra
CARDIOTHORACIC,Estrada
CARDIOTHORACIC,Marshall
MEDICINE,Marilyn
NEUROSURGERY,April
SURGERY,Jesse
SURGERY,Jerry
SURGERY,Frank
PLASTIC,Padilla
MEDICINE,Richardson
MEDICINE,Valencia
MEDICINE,Brian
MEDICINE,Adams
SURGERY,Angel
CARDIOTHORACIC,Larry
SURGERY,Rogers
CARDIOTHORACIC,Stacey
SURGERY,Ball
SURGERY,Jessica
CARDIOTHORACIC,Amber
SURGERY,Brian
CARDIOTHORACIC,Anthony
CARDIOTHORACIC,Brian
CARDIOTHORACIC,William
SURGERY,Ward
NEUROLOGY,Stone
MEDICINE,Bowman
MEDICINE,Aguilar
CARDIOTHORACIC,Jackson
SURGERY,Peters
MEDICINE,Joshua
MEDICINE,Koch
MED,Parker
CARDIOTHORACIC,Brandy
MEDICINE,Brianna
SURGERY,Lee
SURGERY,Tammy
MED,Ramos
MED,Beasley
NEUROSURGERY,Victor
SURGERY,Marissa
MEDICINE,Garza
SURGERY,Thomas
MEDICINE,Cunningham
SURGERY,Ashley
MEDICINE,Oscar
MEDICINE,Curtis
MEDICINE,Linda
MED,Joshua
MEDICINE,Mitchell
MEDICINE,Brown
NMED,Jeremy
NEUROSURGERY,Jeffrey
NEUROSURGERY,Steven
MEDICINE,Robinson
SURGERY,Courtney
MEDICINE,Selena
SURGERY,Smith
MEDICINE,Jonathan
SURGERY,Woodard
CARDIOTHORACIC,Brenda
SURGERY,James
SURGERY,Daniel
MEDICINE,Walker
name Potts,Seth
CARDIOTHORACIC,Torres
CARDIOTHORACIC,Bailey
MEDICINE,Payne
NEUROSURGERY,Tucker
CARDIOTHORACIC,Tracy
CARDIOTHORACIC,Vanessa
CARDIOTHORACIC,Jessica
MEDICINE,Fuller
ORTHOPAEDICS,Wilson
CARDIOTHORACIC,Meredith
SURGERY,Brown
CARDIOTHORACIC,Mary
CARDIOTHORACIC,Forbes
NEUROSURGERY,Amy
SURGERY,Berry
MEDICINE,Alvarado
MEDICINE,Gates
MEDICINE,Mccarty
CARDIOTHORACIC,Michelle
CARDIOTHORACIC,Williams
CARDIOTHORACIC,Blackwell
SURGERY,Robinson
SURGERY,Kristina
CARDIOTHORACIC,Mark
SURGERY,Jennifer
CARDIOTHORACIC,Rebecca
CARDIOTHORACIC,Willis
NEUROLOGY,Hamilton
SURGERY,Chris
CARDIOTHORACIC,Stewart
CARDIOTHORACIC,Jenna
CARDIOTHORACIC,Ellis
SURGERY,Dennis
ORTHOPAEDICS,Gonzalez
SURGERY,Cesar
CARDIOTHORACIC,Mark
MEDICINE,Courtney
SURGERY,Santiago
CARDIOTHORACIC,Dana
CARDIOTHORACIC,Brittany
NEUROLOGY,Thompson
NEUROSURGERY,Bryan
CARDIOTHORACIC,Graham
SURGERY,Brooke
SURGERY,Thomas
SURGERY,Ronald
NEUROSURGERY,Todd
MEDICINE,Oneal
SURGERY,Beverly
SURGERY,Durham
MEDICINE,Johnston
MEDICINE,Harrison
NEUROSURGERY,Burgess
MEDICINE,Peterson
ORTHOPAEDICS,Patterson
SURGERY,Timothy
MEDICINE,Kyle
MEDICINE,Brittany
CARDIOTHORACIC,Christina
MEDICINE,Sean
NEUROSURGERY,Molly
CARDIOTHORACIC,Lisa
MEDICINE,Samantha
CARDIOTHORACIC,Jessica
MEDICINE,Young
MEDICINE,Williams
SURGERY,Courtney
CARDIOTHORACIC,Shane
CARDIOTHORACIC,Ronnie
NEUROSURGERY,Stephen
MEDICINE,Emily
SURGERY,Rebecca
NEUROLOGY,Robert
CARDIOTHORACIC,Clark
MEDICINE,Jeremy
CARDIOTHORACIC,Jason
MEDICINE,West
SURGERY,Emma
CARDIOTHORACIC,Lisa
SURGERY,Daniels
SURGERY,Potter
CARDIOTHORACIC,Perez
NEUROSURGERY,Lonnie
SURGERY,Alvarez
SURGERY,Johnson
SURGERY,Mccann
SURGERY,Ernest
NEUROSURGERY,Gonzalez
CARDIOTHORACIC,Isabella
CARDIOTHORACIC,Pamela
MEDICINE,Theresa
MEDICINE,Courtney
CARDIOTHORACIC,Barry
SURGERY,Moore
CARDIOTHORACIC,Kimberly
CARDIOTHORACIC,Connie
CARDIOTHORACIC,Lisa
NEUROSURGERY,Kristi
MEDICINE,Townsend
NEUROSURGERY,James
NEUROSURGERY,Martha
CARDIOTHORACIC,Raymond
NEUROSURGERY,Jennifer
MEDICINE,Charles
CARDIOTHORACIC,David
NEUROSURGERY,Joanna
MEDICINE,Emily
SURGERY,Dunlap
CARDIOTHORACIC,Jared
NEUROSURGERY,Nancy
MEDICINE,Lee
CARDIOTHORACIC,Jones
CARDIOTHORACIC,Timothy
MEDICINE,Mccarty
CARDIOTHORACIC,David
MEDICINE,Kayla
SURGERY,Cook
SURGERY,Barnes
SURGERY,Maynard
SURGERY,David
CARDIOTHORACIC,Courtney
CARDIOTHORACIC,David
NEUROSURGERY,James
CARDIOTHORACIC,Michael
CARDIOTHORACIC,Knight
NEUROSURGERY,Ronnie
CARDIOTHORACIC,Mitchell
NEUROLOGY,Fields
NEUROSURGERY,Adam
SURGERY,Evans
NEUROSURGERY,Joseph
NEUROLOGY,Palmer
SURGERY,Scott
NEUROSURGERY,Sarah
CARDIOTHORACIC,Jennifer
NEUROSURGERY,Amanda
NEUROSURGERY,Erica
ORTHOPAEDICS,Salinas
NEUROSURGERY,Cory
CARDIOTHORACIC,Cruz
CARDIOTHORACIC,Douglas
SURGERY,Jennifer
NEUROSURGERY,Pamela
CARDIOTHORACIC,Mary
MEDICINE,Lauren
CARDIOTHORACIC,Kimberly
SURGERY,Payne
MEDICINE,Ewing
NEUROLOGY,Wright
NEUROSURGERY,Michelle
CARDIOTHORACIC,Kristina
CARDIOTHORACIC,Thomas
CARDIOTHORACIC,Jennifer
SURGERY,Jamie
CARDIOTHORACIC,Ingram
NEUROSURGERY,Mcguire
NEUROSURGERY,Poole
NEUROLOGY,Cameron
MEDICINE,Lisa
SURGERY,Henderson
NEUROSURGERY,Patricia
MEDICINE,Katrina
CARDIOTHORACIC,David
CARDIOTHORACIC,Thomas
SURGERY,Higgins
NEUROSURGERY,Mayo
CARDIOTHORACIC,Oconnell
NEUROSURGERY,Michelle
SURGERY,Kim
NEUROLOGY,Cohen
CARDIOTHORACIC,Erin
MEDICINE,Monica
NEUROLOGY,Hammond
CARDIOTHORACIC,Anthony
CARDIOTHORACIC,Shari
CARDIOTHORACIC,Dana
CARDIOTHORACIC,James
NEUROSURGERY,Patricia
CARDIOTHORACIC,Woodward
NEUROLOGY,Sheila
MEDICINE,Williams
CARDIOTHORACIC,Mathis
NEUROSURGERY,Fleming
CARDIOTHORACIC,Li
NEUROSURGERY,Waters
NEUROSURGERY,Lewis
CARDIOTHORACIC,Wilkerson
SURGERY,Huffman
CARDIOTHORACIC,Chavez
SURGERY,Andersen
CARDIOTHORACIC,Jennifer
CARDIOTHORACIC,Cassandra
SURGERY,Lee
SURGERY,Elizabeth
MEDICINE,Robert
SURGERY,Garcia
NEUROSURGERY,Amanda
CARDIOTHORACIC,Patterson
CARDIOTHORACIC,David
CARDIOTHORACIC,Matthew
NEUROSURGERY,Ashley
SURGERY,Wallace
CARDIOTHORACIC,Harris
MEDICINE,Julie
MEDICINE,Lisa
MEDICINE,Autumn
MEDICINE,Morton
MEDICINE,Brewer
MEDICINE,Clark
MEDICINE,Shane
MEDICINE,Dawn
MEDICINE,Wise
NEUROSURGERY,Christopher
NEUROSURGERY,Michael
SURGERY,Costa
MEDICINE,Dawn
MEDICINE,Jeffrey
MEDICINE,Crystal
MEDICINE,Kaitlin
MEDICINE,Thomas
NEUROSURGERY,Hernandez
NEUROSURGERY,Kent
MEDICINE,Stanton
CARDIOTHORACIC,Charles
SURGERY,Callahan
MEDICINE,Robinson
NEUROSURGERY,Castillo
MEDICINE,Gordon
MEDICINE,Sharp
NEUROSURGERY,Evan
MEDICINE,Joseph
NEUROLOGY,Murray
MEDICINE,Jennifer
CARDIOTHORACIC,Turner
ORTHOPAEDICS,Hall
NEUROLOGY,Frank
CARDIOTHORACIC,James
SURGERY,James
SURGERY,Brenda
CARDIOTHORACIC,Jones
MEDICINE,Franklin
MEDICINE,William
MEDICINE,Eric
MEDICINE,Frazier
MEDICINE,Castillo
CARDIOTHORACIC,Caldwell
MEDICINE,Murray
SURGERY,Craig
CARDIOTHORACIC,Emily
MEDICINE,Angie
CARDIOTHORACIC,Daniel
SURGERY,Victor
MEDICINE,Mccormick
MEDICINE,Christopher
MEDICINE,Park
CARDIOTHORACIC,Christensen
NEUROLOGY,Lee
MEDICINE,Ronald
CARDIOTHORACIC,House
MEDICINE,Peters
NEUROLOGY,Ortega
NEUROLOGY,Aaron
SURGERY,Evans
MEDICINE,Andres
CARDIOTHORACIC,Travis
SURGERY,Patricia
MEDICINE,Lynn
MEDICINE,Taylor
SURGERY,Rodney
MEDICINE,Walker
CARDIOTHORACIC,David
CARDIOTHORACIC,Sarah
SURGERY,Silva
CARDIOTHORACIC,Marc
ORTHOPAEDICS,Mason
NEUROLOGY,Mark
MEDICINE,Michael
MEDICINE,Stuart
MEDICINE,Burke
NEUROSURGERY,Jared
MEDICINE,Cook
SURGERY,Taylor
CARDIOTHORACIC,Nelson
SURGERY,Douglas
MEDICINE,Webster
SURGERY,Andrew
MEDICINE,Lee
CARDIOTHORACIC,Jessica
CARDIOTHORACIC,Breanna
MEDICINE,Maynard
MEDICINE,Kennedy
ORTHOPAEDICS,Corey
CARDIOTHORACIC,Amy
MEDICINE,Davis
CARDIOTHORACIC,James
CARDIOTHORACIC,Samantha
NEUROLOGY,Brock
CARDIOTHORACIC,Ashley
SURGERY,Judy
MEDICINE,Carter
SURGERY,Sawyer
MEDICINE,Erin
SURGERY,Smith
SURGERY,Smith
MEDICINE,Anderson
SURGERY,Christopher
MEDICINE,Timothy
SURGERY,Mary
MEDICINE,Beth
NEUROSURGERY,Peter
